Symbol,Description,Category2,Category3,GICS Sector,Market cap,Dividend yield,Price to TTM earnings,Price to TTM sales,Price to book value,Action
AAPL,Apple Inc,Common stocks,Large cap,Information Technology,"$2,279,781,223,480 ",0.63%,0,0,0,Analyze
MSFT,Microsoft Corp,Common stocks,Large cap,Information Technology,"$1,846,063,276,184 ",1.02%,0,0,0,Analyze
GOOG,Alphabet Inc Class C,Common stocks,Large cap,Communication Services,"$1,185,974,720,000 ",0.00%,0,0,0,Analyze
GOOGL,Alphabet Inc Class A,Common stocks,Large cap,Communication Services,"$1,185,974,720,000 ",0.00%,0,0,0,Analyze
AMZN,Amazon.Com Inc.,Common stocks,Large cap,Consumer Discretionary,"$1,012,208,127,343 ",0.00%,0,0,0,Analyze
BRK-B,Berkshire Hathaway Inc. Class B,Common stocks,Large cap,Financials,"$685,335,453,962 ",0.00%,0,0,0,Analyze
TSLA,Tesla Inc,Common stocks,Large cap,Consumer Discretionary,"$502,201,244,112 ",0.00%,0,0,0,Analyze
NVDA,Nvidia Corp,Common stocks,Large cap,Information Technology,"$493,069,800,000 ",0.08%,0,0,0,Analyze
XOM,Exxon Mobil Corp,Common stocks,Large cap,Energy,"$484,970,233,257 ",2.97%,0,0,0,Analyze
UNH,Unitedhealth Group Inc,Common stocks,Large cap,Health Care,"$460,148,231,471 ",1.29%,0,0,0,Analyze
JNJ,Johnson & Johnson,Common stocks,Large cap,Health Care,"$441,560,136,386 ",2.61%,0,0,0,Analyze
V,Visa Inc Class A,Common stocks,Large cap,Information Technology,"$424,795,058,699 ",0.70%,0,0,0,Analyze
JPM,JP Morgan Chase & Co,Common stocks,Large cap,Financials,"$410,590,020,222 ",2.83%,0,0,0,Analyze
META,"Meta Platforms, Inc.",Common stocks,Large cap,Communication Services,"$396,237,000,000 ",0.00%,0,0,0,Analyze
WMT,Walmart Stores Inc,Common stocks,Large cap,Consumer Staples,"$383,511,935,679 ",1.57%,0,0,0,Analyze
CVX,Chevron Corp,Common stocks,Large cap,Energy,"$363,117,982,553 ",2.99%,0,0,0,Analyze
MA,Mastercard Inc Class A,Common stocks,Large cap,Information Technology,"$359,812,659,187 ",0.54%,0,0,0,Analyze
PG,Procter & Gamble,Common stocks,Large cap,Consumer Staples,"$332,993,189,150 ",2.56%,0,0,0,Analyze
LLY,Eli Lilly,Common stocks,Large cap,Health Care,"$330,671,410,979 ",1.12%,0,0,0,Analyze
HD,Home Depot Inc,Common stocks,Large cap,Consumer Discretionary,"$321,255,595,078 ",2.40%,0,0,0,Analyze
BAC,Bank of America Corp,Common stocks,Large cap,Financials,"$283,512,755,326 ",2.41%,0,0,0,Analyze
MRK,Merck & Co Inc,Common stocks,Large cap,Health Care,"$270,957,767,741 ",2.59%,0,0,0,Analyze
KO,Coca-Cola,Common stocks,Large cap,Consumer Staples,"$262,973,651,584 ",2.86%,0,0,0,Analyze
ABBV,Abbvie Inc,Common stocks,Large cap,Health Care,"$260,674,026,879 ",3.82%,0,0,0,Analyze
AVGO,Broadcom Inc.,Common stocks,Large cap,Information Technology,"$250,138,285,681 ",2.80%,0,0,0,Analyze
PFE,Pfizer Inc,Common stocks,Large cap,Health Care,"$248,389,168,262 ",3.59%,0,0,0,Analyze
ORCL,Oracle Corp,Common stocks,Large cap,Information Technology,"$242,204,406,990 ",1.42%,0,0,0,Analyze
PEP,Pepsico Inc,Common stocks,Large cap,Consumer Staples,"$234,513,661,556 ",2.63%,0,0,0,Analyze
TMO,Thermo Fisher Scientific Inc,Common stocks,Large cap,Health Care,"$226,441,948,745 ",0.21%,0,0,0,Analyze
COST,Costco Wholesale Corp,Common stocks,Large cap,Consumer Staples,"$221,110,178,639 ",0.70%,0,0,0,Analyze
MCD,Mcdonalds Corp,Common stocks,Large cap,Consumer Discretionary,"$201,211,491,610 ",2.04%,0,0,0,Analyze
DIS,Walt Disney,Common stocks,Large cap,Communication Services,"$200,398,297,716 ",0.00%,0,0,0,Analyze
NKE,Nike Inc Class B,Common stocks,Large cap,Consumer Discretionary,"$198,946,800,000 ",0.98%,0,0,0,Analyze
CSCO,Cisco Systems Inc,Common stocks,Large cap,Information Technology,"$198,621,527,033 ",3.11%,0,0,0,Analyze
ABT,Abbott Laboratories,Common stocks,Large cap,Health Care,"$193,658,739,411 ",1.72%,0,0,0,Analyze
DHR,Danaher Corp,Common stocks,Large cap,Health Care,"$193,536,163,954 ",0.38%,0,0,0,Analyze
TMUS,T Mobile US Inc,Common stocks,Large cap,Communication Services,"$184,993,278,184 ",0.00%,0,0,0,Analyze
ACN,Accenture Plc Class A,Common stocks,Large cap,Information Technology,"$180,569,633,575 ",1.52%,0,0,0,Analyze
WFC,Wells Fargo,Common stocks,Large cap,Financials,"$175,739,840,216 ",2.36%,0,0,0,Analyze
CMCSA,Comcast A Corp,Common stocks,Large cap,Communication Services,"$174,327,298,131 ",2.66%,0,0,0,Analyze
VZ,Verizon Communications Inc,Common stocks,Large cap,Communication Services,"$169,126,648,591 ",6.27%,0,0,0,Analyze
ADBE,Adobe Inc,Common stocks,Large cap,Information Technology,"$167,472,396,000 ",0.00%,0,0,0,Analyze
CRM,Salesforce.Com Inc,Common stocks,Large cap,Information Technology,"$165,090,000,000 ",0.00%,0,0,0,Analyze
MS,Morgan Stanley,Common stocks,Large cap,Financials,"$163,095,558,934 ",3.02%,0,0,0,Analyze
LIN,Linde Plc,Common stocks,Large cap,Materials,"$162,303,689,108 ",1.41%,0,0,0,Analyze
PM,Philip Morris International Inc,Common stocks,Large cap,Consumer Staples,"$161,717,104,458 ",4.74%,0,0,0,Analyze
NFLX,Netflix Inc,Common stocks,Large cap,Communication Services,"$161,197,744,569 ",0.00%,0,0,0,Analyze
TXN,Texas Instrument Inc,Common stocks,Large cap,Information Technology,"$158,008,235,059 ",2.67%,0,0,0,Analyze
UPS,United Parcel Service Inc Class B,Common stocks,Large cap,Industrials,"$155,425,792,993 ",3.31%,0,0,0,Analyze
COP,ConocoPhillips,Common stocks,Large cap,Energy,"$155,322,758,377 ",3.93%,0,0,0,Analyze
BMY,Bristol Myers Squibb,Common stocks,Large cap,Health Care,"$155,188,443,728 ",2.97%,0,0,0,Analyze
NEE,Nextera Energy Inc,Common stocks,Large cap,Utilities,"$151,819,303,013 ",2.21%,0,0,0,Analyze
QCOM,Qualcomm Inc,Common stocks,Large cap,Information Technology,"$149,659,062,423 ",2.17%,0,0,0,Analyze
RTX,Raytheon Technologies Corporation,Common stocks,Large cap,Industrials,"$147,373,592,694 ",2.14%,0,0,0,Analyze
T,AT&T Inc.,Common stocks,Large cap,Communication Services,"$142,600,000,000 ",6.81%,0,0,0,Analyze
SCHW,Charles Schwab Corporation,Common stocks,Large cap,Financials,"$141,726,755,090 ",1.07%,0,0,0,Analyze
HON,Honeywell International Inc,Common stocks,Large cap,Industrials,"$140,750,659,269 ",1.87%,0,0,0,Analyze
CAT,Caterpillar Inc,Common stocks,Large cap,Industrials,"$136,409,700,133 ",1.78%,0,0,0,Analyze
AMGN,Amgen Inc,Common stocks,Large cap,Health Care,"$135,998,668,025 ",3.01%,0,0,0,Analyze
BA,Boeing,Common stocks,Large cap,Industrials,"$126,321,449,981 ",0.00%,0,0,0,Analyze
LOW,Lowes Companies Inc,Common stocks,Large cap,Consumer Discretionary,"$125,263,581,426 ",1.94%,0,0,0,Analyze
DE,Deere & Company,Common stocks,Large cap,Industrials,"$125,162,551,145 ",1.07%,0,0,0,Analyze
SBUX,Starbucks Corp,Common stocks,Large cap,Consumer Discretionary,"$124,834,728,000 ",1.81%,0,0,0,Analyze
INTC,Intel Corporation Corp,Common stocks,Large cap,Information Technology,"$124,181,430,000 ",4.77%,0,0,0,Analyze
UNP,Union Pacific Corp,Common stocks,Large cap,Industrials,"$123,870,065,184 ",2.50%,0,0,0,Analyze
SPGI,S&P Global Inc,Common stocks,Large cap,Financials,"$122,337,540,000 ",0.90%,0,0,0,Analyze
IBM,International Business Machines Co,Common stocks,Large cap,Information Technology,"$121,559,789,505 ",4.81%,0,0,0,Analyze
AMD,Advanced Micro Devices Inc,Common stocks,Large cap,Information Technology,"$121,184,689,136 ",0.00%,0,0,0,Analyze
ELV,"Elevance Health, Inc.",Common stocks,Large cap,Health Care,"$120,525,948,520 ",1.02%,0,0,0,Analyze
LMT,Lockheed Martin Corp,Common stocks,Large cap,Industrials,"$120,504,228,927 ",2.46%,0,0,0,Analyze
GS,Goldman Sachs Group Inc,Common stocks,Large cap,Financials,"$118,885,098,443 ",2.52%,0,0,0,Analyze
PLD,"Prologis, Inc",REITs,Large cap,Real Estate,"$118,209,442,571 ",2.44%,0,0,0,Analyze
AXP,American Express,Common stocks,Large cap,Financials,"$116,478,632,652 ",1.33%,0,0,0,Analyze
INTU,Intuit Inc,Common stocks,Large cap,Information Technology,"$115,895,753,143 ",0.71%,0,0,0,Analyze
CVS,CVS Health Corp,Common stocks,Large cap,Health Care,"$115,182,339,506 ",2.55%,0,0,0,Analyze
BLK,Blackrock Inc,Common stocks,Large cap,Financials,"$113,983,423,385 ",2.55%,0,0,0,Analyze
MDT,Medtronic Plc,Common stocks,Large cap,Health Care,"$108,861,929,400 ",3.22%,0,0,0,Analyze
GILD,Gilead Sciences Inc,Common stocks,Large cap,Health Care,"$104,879,870,319 ",3.44%,0,0,0,Analyze
AMT,American Tower Corporation,REITs,Large cap,Real Estate,"$102,912,806,431 ",2.64%,0,0,0,Analyze
C,Citigroup Inc,Common stocks,Large cap,Financials,"$101,084,350,972 ",3.85%,0,0,0,Analyze
EL,Estee Lauder Inc Class A,Common stocks,Large cap,Consumer Staples,"$97,512,218,000 ",0.90%,0,0,0,Analyze
AMAT,Applied Material Inc,Common stocks,Large cap,Information Technology,"$97,442,979,859 ",0.88%,0,0,0,Analyze
CB,Chubb Ltd,Common stocks,Large cap,Financials,"$95,922,268,824 ",1.42%,0,0,0,Analyze
CI,Cigna Corp,Common stocks,Large cap,Health Care,"$95,757,456,053 ",1.43%,0,0,0,Analyze
SYK,Stryker Corp,Common stocks,Large cap,Health Care,"$95,519,498,379 ",1.12%,0,0,0,Analyze
TJX,"TJX Companies, Inc.",Common stocks,Large cap,Consumer Discretionary,"$95,282,872,127 ",1.38%,0,0,0,Analyze
BKNG,Booking Holdings Inc,Common stocks,Large cap,Consumer Discretionary,"$94,302,820,636 ",0.00%,0,0,0,Analyze
NOW,Servicenow Inc,Common stocks,Large cap,Information Technology,"$93,540,140,000 ",0.00%,0,0,0,Analyze
ADP,Automatic Data Processing Inc,Common stocks,Large cap,Information Technology,"$93,514,623,966 ",1.93%,0,0,0,Analyze
PYPL,Paypal Holdings Inc,Common stocks,Large cap,Information Technology,"$92,125,641,023 ",0.00%,0,0,0,Analyze
GE,General Electric,Common stocks,Large cap,Industrials,"$88,659,092,880 ",0.31%,0,0,0,Analyze
ISRG,Intuitive Surgical Inc,Common stocks,Large cap,Health Care,"$88,540,504,014 ",0.00%,0,0,0,Analyze
MDLZ,Mondelez International Inc,Common stocks,Large cap,Consumer Staples,"$88,109,706,136 ",2.26%,0,0,0,Analyze
MMC,Marsh & McLennan Inc,Common stocks,Large cap,Financials,"$87,129,029,824 ",1.31%,0,0,0,Analyze
ADI,Analog Devices Inc,Common stocks,Large cap,Information Technology,"$86,532,308,282 ",1.77%,0,0,0,Analyze
VRTX,Vertex Pharmaceuticals Inc,Common stocks,Large cap,Health Care,"$82,403,089,921 ",0.00%,0,0,0,Analyze
SLB,Schlumberger Nv,Common stocks,Large cap,Energy,"$81,618,232,635 ",1.13%,0,0,0,Analyze
EOG,EOG Resources Inc,Common stocks,Large cap,Energy,"$79,843,854,191 ",2.20%,0,0,0,Analyze
REGN,Regeneron Pharmaceuticals Inc,Common stocks,Large cap,Health Care,"$79,488,296,575 ",0.00%,0,0,0,Analyze
MO,Altria Group Inc,Common stocks,Large cap,Consumer Staples,"$79,375,325,251 ",8.06%,0,0,0,Analyze
PGR,Progressive Corp,Common stocks,Large cap,Financials,"$78,931,754,846 ",0.30%,0,0,0,Analyze
ZTS,Zoetis Inc,Common stocks,Large cap,Health Care,"$78,411,952,439 ",0.80%,0,0,0,Analyze
DUK,Duke Energy Corp,Common stocks,Large cap,Utilities,"$78,038,161,314 ",3.87%,0,0,0,Analyze
TGT,Target Corp,Common stocks,Large cap,Consumer Discretionary,"$76,877,667,089 ",2.34%,0,0,0,Analyze
MRNA,"Moderna, Inc.",Common stocks,Large cap,Health Care,"$74,239,033,830 ",0.00%,0,0,0,Analyze
SO,Southern Co,Common stocks,Large cap,Utilities,"$73,507,189,347 ",3.94%,0,0,0,Analyze
USB,US Bancorp,Common stocks,Large cap,Financials,"$72,359,603,768 ",3.80%,0,0,0,Analyze
HCA,"HCA Healthcare, Inc.",Common stocks,Large cap,Health Care,"$72,050,350,995 ",0.88%,0,0,0,Analyze
BDX,Becton Dickinson,Common stocks,Large cap,Health Care,"$70,822,523,042 ",1.40%,0,0,0,Analyze
APD,Air Products And Chemicals Inc,Common stocks,Large cap,Materials,"$70,244,985,078 ",2.03%,0,0,0,Analyze
ITW,Illinois Tool Inc,Common stocks,Large cap,Industrials,"$70,244,309,286 ",2.19%,0,0,0,Analyze
MU,Micron Technology Inc,Common stocks,Large cap,Information Technology,"$68,525,887,466 ",0.71%,0,0,0,Analyze
NOC,Northrop Grumman Corp,Common stocks,Large cap,Industrials,"$68,255,423,821 ",1.52%,0,0,0,Analyze
LRCX,Lam Research Corp,Common stocks,Large cap,Information Technology,"$67,882,814,494 ",1.29%,0,0,0,Analyze
FISV,Fiserv Inc,Common stocks,Large cap,Information Technology,"$67,478,083,356 ",0.00%,0,0,0,Analyze
EQIX,"Equinix, Inc.",REITs,Large cap,Real Estate,"$67,477,868,077 ",1.69%,0,0,0,Analyze
AON,Aon Plc,Common stocks,Large cap,Financials,"$67,194,107,730 ",0.67%,0,0,0,Analyze
BSX,Boston Scientific Corp,Common stocks,Large cap,Health Care,"$66,387,627,921 ",0.00%,0,0,0,Analyze
PNC,"PNC Financial Services Group, Inc.",Common stocks,Large cap,Financials,"$65,309,451,014 ",3.65%,0,0,0,Analyze
FCX,"Freeport-McMoRan, Inc.",Common stocks,Large cap,Materials,"$64,962,920,831 ",0.99%,0,0,0,Analyze
TFC,Truist Financial Corporation,Common stocks,Large cap,Financials,"$64,825,800,832 ",4.03%,0,0,0,Analyze
CCI,Crown Castle International Corp.,REITs,Large cap,Real Estate,"$64,147,400,388 ",3.98%,0,0,0,Analyze
ETN,"Eaton Corporation, PLC",Common stocks,Large cap,Industrials,"$63,989,930,000 ",2.00%,0,0,0,Analyze
CHTR,Charter Communications Inc Class A,Common stocks,Large cap,Communication Services,"$63,886,347,400 ",0.00%,0,0,0,Analyze
CME,CME Group Inc Class A,Common stocks,Large cap,Financials,"$63,588,584,538 ",4.73%,0,0,0,Analyze
MPC,Marathon Petroleum Corp,Common stocks,Large cap,Energy,"$63,433,243,747 ",1.82%,0,0,0,Analyze
CSX,CSX Corp,Common stocks,Large cap,Industrials,"$63,387,623,179 ",1.32%,0,0,0,Analyze
HUM,Humana Inc,Common stocks,Large cap,Health Care,"$63,219,134,796 ",0.63%,0,0,0,Analyze
CL,Colgate-Palmolive,Common stocks,Large cap,Consumer Staples,"$63,083,729,281 ",2.47%,0,0,0,Analyze
MMM,3M,Common stocks,Large cap,Industrials,"$62,763,957,998 ",5.16%,0,0,0,Analyze
GD,General Dynamics Corp,Common stocks,Large cap,Industrials,"$62,627,363,494 ",2.19%,0,0,0,Analyze
WM,Waste Management Inc,Common stocks,Large cap,Industrials,"$62,597,757,140 ",1.70%,0,0,0,Analyze
OXY,Occidental Petroleum Corp,Common stocks,Large cap,Energy,"$60,979,050,256 ",0.77%,0,0,0,Analyze
KLAC,KLA-Tencor Corporation,Common stocks,Large cap,Information Technology,"$60,763,149,885 ",1.09%,0,0,0,Analyze
ICE,Intercontinental Exchange Inc,Common stocks,Large cap,Financials,"$60,429,700,309 ",1.40%,0,0,0,Analyze
ATVI,Activision Blizzard Inc,Common stocks,Large cap,Communication Services,"$59,166,474,116 ",0.62%,0,0,0,Analyze
SHW,Sherwin Williams,Common stocks,Large cap,Materials,"$58,322,817,205 ",1.06%,0,0,0,Analyze
MCO,Moodys Corp,Common stocks,Large cap,Financials,"$58,296,072,000 ",0.88%,0,0,0,Analyze
VLO,Valero Energy Corp,Common stocks,Large cap,Energy,"$57,813,070,769 ",2.58%,0,0,0,Analyze
PXD,Pioneer Natural Resource,Common stocks,Large cap,Energy,"$57,344,279,445 ",10.51%,0,0,0,Analyze
MET,Metlife Inc,Common stocks,Large cap,Financials,"$56,664,260,125 ",2.71%,0,0,0,Analyze
NSC,Norfolk Southern Corp,Common stocks,Large cap,Industrials,"$55,836,597,891 ",2.04%,0,0,0,Analyze
MAR,Marriott International Inc,Common stocks,Large cap,Consumer Discretionary,"$55,261,485,638 ",0.57%,0,0,0,Analyze
MCK,Mckesson Corp,Common stocks,Large cap,Health Care,"$54,465,711,538 ",0.52%,0,0,0,Analyze
SNPS,Synopsys Inc,Common stocks,Large cap,Information Technology,"$54,362,640,584 ",0.00%,0,0,0,Analyze
MNST,Monster Beverage Corp,Common stocks,Large cap,Consumer Staples,"$54,214,378,723 ",0.00%,0,0,0,Analyze
EMR,Emerson Electric,Common stocks,Large cap,Industrials,"$53,592,668,000 ",2.25%,0,0,0,Analyze
DG,Dollar General Corp,Common stocks,Large cap,Consumer Discretionary,"$53,018,527,835 ",0.92%,0,0,0,Analyze
PSX,Phillips 66,Common stocks,Large cap,Energy,"$52,693,765,427 ",3.39%,0,0,0,Analyze
PSA,Public Storage,REITs,Large cap,Real Estate,"$52,233,100,207 ",2.61%,0,0,0,Analyze
D,Dominion Energy Inc,Common stocks,Large cap,Utilities,"$52,146,362,329 ",4.21%,0,0,0,Analyze
GM,General Motors,Common stocks,Large cap,Consumer Discretionary,"$51,827,018,790 ",0.49%,0,0,0,Analyze
F,Ford Motor Company,Common stocks,Large cap,Consumer Discretionary,"$51,029,374,937 ",3.82%,0,0,0,Analyze
CDNS,Cadence Design Systems Inc,Common stocks,Large cap,Information technology,"$50,921,279,080 ",0.00%,0,0,0,Analyze
SRE,Sempra Energy,Common stocks,Large cap,Utilities,"$50,450,504,762 ",2.82%,0,0,0,Analyze
ORLY,Oreilly Automotive Inc,Common stocks,Large cap,Consumer Discretionary,"$50,100,151,624 ",0.00%,0,0,0,Analyze
KDP,Keurig Dr Pepper Inc.,Common stocks,Large cap,Consumer Staples,"$49,469,658,154 ",2.20%,0,0,0,Analyze
HES,Hess Corp,Common stocks,Large cap,Energy,"$49,465,010,285 ",0.93%,0,0,0,Analyze
KHC,Kraft Heinz,Common stocks,Large cap,Consumer Staples,"$48,580,730,304 ",3.97%,0,0,0,Analyze
EW,Edwards Lifesciences Corp,Common stocks,Large cap,Health Care,"$48,354,153,627 ",0.00%,0,0,0,Analyze
FDX,FedEx Corporation,Common stocks,Large cap,Industrials,"$47,990,792,200 ",2.19%,0,0,0,Analyze
AEP,American Electric Power Inc,Common stocks,Large cap,Utilities,"$47,784,183,417 ",3.37%,0,0,0,Analyze
AIG,American International Group Inc,Common stocks,Large cap,Financials,"$47,535,861,040 ",1.98%,0,0,0,Analyze
JCI,Johnson Controls International Plc,Common stocks,Large cap,Industrials,"$47,294,087,369 ",2.02%,0,0,0,Analyze
ROP,Roper Technologies Inc,Common stocks,Large cap,Information Technology,"$47,134,835,400 ",0.57%,0,0,0,Analyze
APH,Amphenol Corp,Common stocks,Large cap,Information Technology,"$46,649,460,991 ",1.03%,0,0,0,Analyze
NXPI,NXP Semiconductors Nv,Common stocks,Large cap,Information Technology,"$46,649,457,857 ",1.86%,0,0,0,Analyze
ADM,Archer-Daniels-Midland Company,Common stocks,Large cap,Consumer Staples,"$46,638,475,872 ",1.87%,0,0,0,Analyze
A,Agilent Technologies Inc,Common stocks,Large cap,Health Care,"$46,255,334,809 ",0.55%,0,0,0,Analyze
AFL,Aflac Inc,Common stocks,Large cap,Financials,"$45,365,693,338 ",2.17%,0,0,0,Analyze
AZO,Autozone Inc,Common stocks,Large cap,Consumer Discretionary,"$45,324,162,196 ",0.00%,0,0,0,Analyze
GIS,General Mills Inc,Common stocks,Large cap,Consumer Staples,"$45,282,103,066 ",2.75%,0,0,0,Analyze
HSY,Hershey Foods,Common stocks,Large cap,Consumer Staples,"$45,119,650,800 ",1.75%,0,0,0,Analyze
CTVA,"Corteva, Inc.",Common stocks,Large cap,Materials,"$45,105,879,960 ",0.91%,0,0,0,Analyze
TRV,Travelers Companies Inc,Common stocks,Large cap,Financials,"$45,020,503,028 ",1.90%,0,0,0,Analyze
ADSK,Autodesk Inc,Common stocks,Large cap,Information Technology,"$44,978,891,799 ",0.00%,0,0,0,Analyze
CTAS,Cintas Corp,Common stocks,Large cap,Industrials,"$44,823,777,082 ",0.95%,0,0,0,Analyze
LVS,Las Vegas Sands Corp,Common stocks,Large cap,Consumer Discretionary,"$44,604,384,596 ",0.00%,0,0,0,Analyze
CMG,Chipotle Mexican Grill Inc,Common stocks,Large cap,Consumer Discretionary,"$44,528,144,994 ",0.00%,0,0,0,Analyze
FIS,Fidelity National Information Services,Common stocks,Large cap,Information Technology,"$44,438,187,460 ",2.49%,0,0,0,Analyze
COF,Capital One Financial Corp,Common stocks,Large cap,Financials,"$44,303,753,252 ",2.04%,0,0,0,Analyze
KMB,Kimberly Clark Corp,Common stocks,Large cap,Consumer Staples,"$43,965,095,085 ",3.52%,0,0,0,Analyze
NUE,Nucor Corp,Common stocks,Large cap,Materials,"$43,566,252,832 ",1.18%,0,0,0,Analyze
CNC,Centene Corp,Common stocks,Large cap,Health Care,"$43,381,155,081 ",0.00%,0,0,0,Analyze
ECL,Ecolab Inc,Common stocks,Large cap,Materials,"$43,251,140,911 ",1.35%,0,0,0,Analyze
MCHP,Microchip Technology Inc,Common stocks,Large cap,Information Technology,"$43,043,681,645 ",1.47%,0,0,0,Analyze
MSI,Motorola Solutions Inc,Common stocks,Large cap,Information Technology,"$43,013,025,515 ",1.26%,0,0,0,Analyze
NEM,Newmont Corporation,Common stocks,Large cap,Materials,"$42,965,077,509 ",3.99%,0,0,0,Analyze
DVN,Devon Energy Corp,Common stocks,Large cap,Energy,"$42,961,164,000 ",3.89%,0,0,0,Analyze
O,Realty Income Corporation,REITs,Large cap,Real Estate,"$42,627,647,932 ",4.28%,0,0,0,Analyze
IQV,"IQVIA Holdings, Inc.",Common stocks,Large cap,Health Care,"$42,445,310,056 ",0.00%,0,0,0,Analyze
STZ,Constellation Brands Class A,Common stocks,Large cap,Consumer Staples,"$42,157,843,042 ",1.38%,0,0,0,Analyze
BIIB,Biogen Inc,Common stocks,Large cap,Health Care,"$42,036,889,856 ",0.00%,0,0,0,Analyze
KMI,Kinder Morgan Inc,Common stocks,Large cap,Energy,"$41,830,479,941 ",5.79%,0,0,0,Analyze
AJG,Arthur J Gallagher,Common stocks,Large cap,Financials,"$41,588,190,000 ",1.03%,0,0,0,Analyze
FTNT,Fortinet Inc,Common stocks,Large cap,Information Technology,"$41,569,568,145 ",0.00%,0,0,0,Analyze
ROST,Ross Stores Inc,Common stocks,Large cap,Consumer Discretionary,"$41,569,024,496 ",1.02%,0,0,0,Analyze
PAYX,Paychex Inc,Common stocks,Large cap,Information Technology,"$41,489,699,675 ",2.61%,0,0,0,Analyze
EXC,Exelon Corp,Common stocks,Large cap,Utilities,"$41,339,668,448 ",3.21%,0,0,0,Analyze
SPG,"Simon Property Group, Inc",REITs,Large cap,Real Estate,"$41,303,061,777 ",5.34%,0,0,0,Analyze
MSCI,MSCI Inc,Common stocks,Large cap,Financials,"$41,195,246,705 ",0.89%,0,0,0,Analyze
DXCM,Dexcom Inc,Common stocks,Large cap,Health Care,"$41,194,429,031 ",0.00%,0,0,0,Analyze
BK,Bank Of New York Mellon Corp,Common stocks,Large cap,Financials,"$40,907,048,219 ",3.48%,0,0,0,Analyze
DOW,Dow Inc.,Common stocks,Large cap,Materials,"$40,902,488,714 ",4.72%,0,0,0,Analyze
TT,Trane Technologies plc,Common stocks,Large cap,Industrials,"$40,425,839,667 ",1.52%,0,0,0,Analyze
PH,Parker-Hannifin Corp,Common stocks,Large cap,Industrials,"$40,372,045,884 ",1.58%,0,0,0,Analyze
IDXX,Idexx Laboratories Inc,Common stocks,Large cap,Health Care,"$40,331,858,059 ",0.00%,0,0,0,Analyze
SYY,Sysco Corp,Common stocks,Large cap,Consumer Staples,"$39,700,167,987 ",2.45%,0,0,0,Analyze
TEL,TE Connectivity Ltd,Common stocks,Large cap,Information Technology,"$39,360,677,091 ",1.74%,0,0,0,Analyze
RSG,Republic Services Inc,Common stocks,Large cap,Industrials,"$39,143,035,942 ",1.53%,0,0,0,Analyze
PCAR,Paccar Inc,Common stocks,Large cap,Industrials,"$39,029,954,942 ",1.20%,0,0,0,Analyze
HLT,Hilton Worldwide Holdings Inc,Common stocks,Large cap,Consumer Discretionary,"$38,961,893,809 ",0.31%,0,0,0,Analyze
TDG,Transdigm Group Inc,Common stocks,Large cap,Industrials,"$38,613,575,603 ",0.00%,0,0,0,Analyze
WMB,Williams Inc,Common stocks,Large cap,Energy,"$38,292,420,794 ",5.31%,0,0,0,Analyze
PRU,Prudential Financial Inc,Common stocks,Large cap,Financials,"$38,252,760,000 ",4.59%,0,0,0,Analyze
ANET,Arista Networks Inc,Common stocks,Large cap,Information Technology,"$37,887,948,658 ",0.00%,0,0,0,Analyze
XEL,Xcel Energy Inc,Common stocks,Large cap,Utilities,"$37,650,696,525 ",2.81%,0,0,0,Analyze
LHX,"L3Harris Technologies, Inc.",Common stocks,Large cap,Industrials,"$37,421,765,329 ",2.26%,0,0,0,Analyze
HAL,Halliburton,Common stocks,Large cap,Energy,"$37,229,917,857 ",1.17%,0,0,0,Analyze
AMP,Ameriprise Finance Inc,Common stocks,Large cap,Financials,"$36,965,078,245 ",1.40%,0,0,0,Analyze
DD,"DuPont de Nemours, Inc.",Common stocks,Large cap,Materials,"$36,628,249,136 ",1.78%,0,0,0,Analyze
CARR,Carrier Global Corporation,Common stocks,Large cap,Industrials,"$36,502,815,130 ",1.45%,0,0,0,Analyze
WBD,"Warner Bros. Discovery, Inc. - Series A",Common stocks,Large cap,Communication Services,"$36,425,940,225 ",0.00%,0,0,0,Analyze
YUM,Yum Brands Inc,Common stocks,Large cap,Consumer Discretionary,"$36,349,002,229 ",1.75%,0,0,0,Analyze
EA,Electronic Arts Inc,Common stocks,Large cap,Communication Services,"$35,653,001,419 ",0.57%,0,0,0,Analyze
ODFL,Old Dominion Freight Line Inc,Common stocks,Large cap,Industrials,"$35,271,257,824 ",0.38%,0,0,0,Analyze
WELL,Welltower Inc,REITs,Large cap,Real Estate,"$35,051,640,864 ",2.45%,0,0,0,Analyze
CMI,Cummins Inc,Common stocks,Large cap,Industrials,"$34,942,545,634 ",2.41%,0,0,0,Analyze
ALL,Allstate Corp,Common stocks,Large cap,Financials,"$34,105,951,216 ",2.62%,0,0,0,Analyze
RMD,Resmed Inc,Common stocks,Large cap,Health Care,"$34,009,109,021 ",0.74%,0,0,0,Analyze
MTD,Mettler Toledo Inc,Common stocks,Large cap,Health Care,"$33,969,878,721 ",0.00%,0,0,0,Analyze
ABC,AmerisourceBergen Corp,Common stocks,Large cap,Health Care,"$33,916,813,443 ",1.12%,0,0,0,Analyze
OTIS,Otis Worldwide Corporation,Common stocks,Large cap,Industrials,"$33,776,799,123 ",1.36%,0,0,0,Analyze
DLTR,Dollar Tree Inc,Common stocks,Large cap,Consumer Discretionary,"$33,691,316,384 ",0.00%,0,0,0,Analyze
ED,Consolidated Edison Inc,Common stocks,Large cap,Utilities,"$33,669,387,018 ",3.29%,0,0,0,Analyze
ILMN,Illumina Inc,Common stocks,Large cap,Health Care,"$33,470,294,000 ",0.00%,0,0,0,Analyze
DHI,D R Horton Inc,Common stocks,Large cap,Consumer Discretionary,"$33,355,686,362 ",0.95%,0,0,0,Analyze
CTSH,Cognizant Technology Solutions,Common stocks,Large cap,Information Technology,"$33,230,159,793 ",1.66%,0,0,0,Analyze
STT,State Street Corp,Common stocks,Large cap,Financials,"$33,109,009,464 ",3.32%,0,0,0,Analyze
AME,Ametek Inc,Common stocks,Large cap,Industrials,"$32,966,888,689 ",0.61%,0,0,0,Analyze
ALB,Albemarle Corp,Common stocks,Large cap,Materials,"$32,738,348,283 ",0.56%,0,0,0,Analyze
VICI,VICI Properties Inc,REITs,Large cap,Real Estate,"$32,726,064,875 ",4.34%,0,0,0,Analyze
ROK,Rockwell Automation Inc,Common stocks,Large cap,Industrials,"$32,371,121,124 ",1.59%,0,0,0,Analyze
KEYS,Keysight Technologies Inc,Common stocks,Large cap,Information Technology,"$32,112,637,566 ",0.00%,0,0,0,Analyze
BF-B,Brown Forman Inc Class B,Common stocks,Large cap,Consumer Staples,"$32,100,200,778 ",1.14%,0,0,0,Analyze
CSGP,Costar Group Inc,Common stocks,Large cap,Industrials,"$32,010,574,623 ",0.00%,0,0,0,Analyze
ON,ON Semiconductor Corp,Common stocks,Large cap,Information Technology,"$31,860,968,859 ",0.00%,0,0,0,Analyze
BKR,Baker Hughes Company Class A,Common stocks,Large cap,Energy,"$31,846,668,058 ",2.27%,0,0,0,Analyze
KR,Kroger,Common stocks,Large cap,Consumer Staples,"$31,825,440,563 ",2.10%,0,0,0,Analyze
PCG,Pacific Gas & Electric Co.,Common stocks,Large cap,Utilities,"$31,541,500,000 ",0.00%,0,0,0,Analyze
WBA,Walgreen Boots Alliance Inc,Common stocks,Large cap,Consumer Staples,"$31,481,379,721 ",5.16%,0,0,0,Analyze
DLR,"Digital Realty Trust, Inc",REITs,Large cap,Real Estate,"$31,429,059,880 ",4.39%,0,0,0,Analyze
SBAC,SBA Communications Corporation,REITs,Large cap,Real Estate,"$31,426,608,801 ",0.97%,0,0,0,Analyze
DFS,Discover Financial Services,Common stocks,Large cap,Financials,"$31,336,262,988 ",1.99%,0,0,0,Analyze
LYB,Lyondellbasell Industries NV,Common stocks,Large cap,Materials,"$30,888,733,714 ",4.87%,0,0,0,Analyze
GLW,Corning Inc,Common stocks,Large cap,Information Technology,"$30,812,908,428 ",2.93%,0,0,0,Analyze
OKE,Oneok Inc,Common stocks,Large cap,Energy,"$30,654,329,254 ",5.26%,0,0,0,Analyze
PEG,Public Service Enterprise Group Inc,Common stocks,Large cap,Utilities,"$30,450,902,876 ",3.49%,0,0,0,Analyze
GPN,Global Payments Inc,Common stocks,Large cap,Information Technology,"$30,425,536,948 ",0.89%,0,0,0,Analyze
PPG,PPG Industries Inc,Common stocks,Large cap,Materials,"$30,012,998,214 ",1.88%,0,0,0,Analyze
URI,United Rentals Inc,Common stocks,Large cap,Industrials,"$29,905,223,382 ",0.00%,0,0,0,Analyze
NDAQ,Nasdaq Inc,Common stocks,Large cap,Financials,"$29,530,812,308 ",1.29%,0,0,0,Analyze
WEC,WEC Energy Group Inc,Common stocks,Large cap,Utilities,"$29,262,861,441 ",3.08%,0,0,0,Analyze
APTV,Aptiv Plc,Common stocks,Large cap,Consumer Discretionary,"$28,937,415,037 ",0.00%,0,0,0,Analyze
GWW,W.W. Grainger Inc,Common stocks,Large cap,Industrials,"$28,545,496,547 ",1.19%,0,0,0,Analyze
LEN,Lennar Corporation Class A,Common stocks,Large cap,Consumer Discretionary,"$28,526,263,822 ",1.49%,0,0,0,Analyze
HPQ,HP Inc,Common stocks,Large cap,Information Technology,"$28,492,049,542 ",3.45%,0,0,0,Analyze
FAST,Fastenal,Common stocks,Large cap,Industrials,"$28,414,617,647 ",2.48%,0,0,0,Analyze
AWK,American Water Works Inc,Common stocks,Large cap,Utilities,"$28,401,513,919 ",1.63%,0,0,0,Analyze
VRSK,Verisk Analytics Inc,Common stocks,Large cap,Industrials,"$28,304,655,071 ",0.68%,0,0,0,Analyze
ENPH,Enphase Energy Inc,Common stocks,Large cap,Information Technology,"$28,274,821,447 ",0.00%,0,0,0,Analyze
IFF,International Flavors & Fragrances,Common stocks,Large cap,Materials,"$28,203,924,427 ",2.86%,0,0,0,Analyze
CEG,Constellation Energy Corporation,Common stocks,Large cap,Utilities,"$28,084,296,823 ",0.65%,0,0,0,Analyze
ES,Eversource Energy,Common stocks,Large cap,Utilities,"$27,976,051,653 ",3.14%,0,0,0,Analyze
WTW,Willis Towers Watson Public Limited Company,Common stocks,Large cap,Financials,"$27,438,236,924 ",1.29%,0,0,0,Analyze
MTB,M&T Bank Corp,Common stocks,Large cap,Financials,"$26,756,794,298 ",3.07%,0,0,0,Analyze
EBAY,Ebay Inc,Common stocks,Large cap,Consumer Discretionary,"$26,677,120,717 ",1.78%,0,0,0,Analyze
EFX,Equifax Inc,Common stocks,Large cap,Industrials,"$26,592,263,910 ",0.72%,0,0,0,Analyze
CBRE,CBRE Group Inc,Common stocks,Large cap,Real Estate,"$26,571,272,046 ",0.00%,0,0,0,Analyze
FANG,Diamondback Energy Inc,Common stocks,Large cap,Energy,"$26,380,426,707 ",1.84%,0,0,0,Analyze
ZBH,Zimmer Biomet Holdings Inc,Common stocks,Large cap,Health Care,"$26,336,475,196 ",0.76%,0,0,0,Analyze
CDW,CDW Corp,Common stocks,Large cap,Information Technology,"$26,306,467,803 ",1.07%,0,0,0,Analyze
EIX,Edison International,Common stocks,Large cap,Utilities,"$26,108,771,461 ",4.08%,0,0,0,Analyze
IT,Gartner Inc,Common stocks,Large cap,Information Technology,"$25,992,699,070 ",0.00%,0,0,0,Analyze
ARE,"Alexandria Real Estate Equities, Inc",REITs,Large cap,Real Estate,"$25,794,519,787 ",2.97%,0,0,0,Analyze
ULTA,Ulta Beauty Inc,Common stocks,Large cap,Consumer Discretionary,"$25,787,392,358 ",0.00%,0,0,0,Analyze
TROW,T Rowe Price Group Inc,Common stocks,Large cap,Financials,"$25,604,598,159 ",4.12%,0,0,0,Analyze
WY,Weyerhaeuser Company,REITs,Large cap,Real Estate,"$25,256,671,440 ",2.08%,0,0,0,Analyze
DAL,Delta Air Lines Inc,Common stocks,Large cap,Industrials,"$25,147,407,558 ",0.00%,0,0,0,Analyze
TSCO,Tractor Supply,Common stocks,Large cap,Consumer Discretionary,"$25,044,226,906 ",1.61%,0,0,0,Analyze
FRC,First Republic Bank,Common stocks,Large cap,Financials,"$24,929,587,962 ",0.78%,0,0,0,Analyze
FITB,Fifth Third Bancorp,Common stocks,Large cap,Financials,"$24,723,989,899 ",3.45%,0,0,0,Analyze
HIG,Hartford Financial Services Group,Common stocks,Large cap,Financials,"$24,709,924,805 ",2.02%,0,0,0,Analyze
RJF,Raymond James Inc,Common stocks,Large cap,Financials,"$24,506,093,224 ",1.26%,0,0,0,Analyze
HRL,Hormel Foods Corp,Common stocks,Large cap,Consumer Staples,"$24,457,946,923 ",2.34%,0,0,0,Analyze
AVB,"AvalonBay Communities, Inc",REITs,Large cap,Real Estate,"$24,265,195,531 ",3.62%,0,0,0,Analyze
ACGL,Arch Capital Group Ltd,Common stocks,Large cap,Financials,"$23,949,278,498 ",0.00%,0,0,0,Analyze
VMC,Vulcan Materials,Common stocks,Large cap,Materials,"$23,859,440,584 ",0.89%,0,0,0,Analyze
GPC,Genuine Parts,Common stocks,Large cap,Consumer Discretionary,"$23,713,695,019 ",2.11%,0,0,0,Analyze
FTV,Fortive Corp,Common stocks,Large cap,Industrials,"$23,676,848,291 ",0.42%,0,0,0,Analyze
FE,Firstenergy Corp,Common stocks,Large cap,Utilities,"$23,664,864,741 ",3.71%,0,0,0,Analyze
TSN,Tyson Foods Inc Class A,Common stocks,Large cap,Consumer Staples,"$23,552,168,700 ",2.82%,0,0,0,Analyze
EQR,Equity Residential,REITs,Large cap,Real Estate,"$23,517,894,392 ",4.96%,0,0,0,Analyze
BAX,Baxter International Inc,Common stocks,Large cap,Health Care,"$23,270,214,235 ",2.47%,0,0,0,Analyze
ANSS,Ansys Inc,Common stocks,Large cap,Information Technology,"$23,222,379,606 ",0.00%,0,0,0,Analyze
VRSN,Verisign Inc,Common stocks,Large cap,Information Technology,"$23,099,925,598 ",0.00%,0,0,0,Analyze
K,Kellogg,Common stocks,Large cap,Consumer Staples,"$22,964,227,200 ",3.43%,0,0,0,Analyze
AEE,Ameren Corp,Common stocks,Large cap,Utilities,"$22,607,763,679 ",2.68%,0,0,0,Analyze
PFG,Principal Financial Group Inc,Common stocks,Large cap,Financials,"$22,574,434,205 ",2.74%,0,0,0,Analyze
LH,Laboratory Corporation Of America,Common stocks,Large cap,Health Care,"$22,523,006,000 ",0.85%,0,0,0,Analyze
IR,Ingersoll Rand Plc,Common stocks,Large cap,Industrials,"$22,485,526,509 ",0.14%,0,0,0,Analyze
ETR,Entergy Corp,Common stocks,Large cap,Utilities,"$22,071,872,600 ",3.69%,0,0,0,Analyze
DTE,DTE Energy,Common stocks,Large cap,Utilities,"$21,960,654,680 ",3.15%,0,0,0,Analyze
PPL,PPL Corporation,Common stocks,Large cap,Utilities,"$21,853,926,669 ",2.91%,0,0,0,Analyze
RF,Regions Financial Corp,Common stocks,Large cap,Financials,"$21,679,138,059 ",3.15%,0,0,0,Analyze
MLM,Martin Marietta Materials Inc,Common stocks,Large cap,Materials,"$21,669,652,206 ",0.73%,0,0,0,Analyze
HBAN,Huntington Bancshares Inc,Common stocks,Large cap,Financials,"$21,525,595,085 ",4.09%,0,0,0,Analyze
PWR,Quanta Services Inc,Common stocks,Large cap,Industrials,"$21,443,747,469 ",0.19%,0,0,0,Analyze
STLD,Steel Dynamics Inc,Common stocks,Large cap,Materials,"$21,321,391,909 ",1.11%,0,0,0,Analyze
CFG,Citizens Financial Group Inc,Common stocks,Large cap,Financials,"$21,236,210,454 ",3.70%,0,0,0,Analyze
LUV,Southwest Airlines,Common stocks,Large cap,Industrials,"$21,196,946,543 ",0.50%,0,0,0,Analyze
EXR,Extra Space Storage Inc,REITs,Large cap,Real Estate,"$20,925,238,750 ",3.79%,0,0,0,Analyze
HPE,Hewlett Packard Enterprise,Common stocks,Large cap,Information Technology,"$20,791,069,323 ",2.92%,0,0,0,Analyze
ALGN,Align Technology Inc,Common stocks,Large cap,Health Care,"$20,539,642,695 ",0.00%,0,0,0,Analyze
STE,STERIS PLC,Common stocks,Large cap,Health Care,"$20,455,719,529 ",0.88%,0,0,0,Analyze
HOLX,Hologic Inc,Common stocks,Large cap,Health Care,"$20,446,476,586 ",0.00%,0,0,0,Analyze
CAH,Cardinal Health Inc,Common stocks,Large cap,Health Care,"$20,415,000,048 ",2.51%,0,0,0,Analyze
MPWR,Monolithic Power Systems Inc,Common stocks,Large cap,Information Technology,"$20,314,619,920 ",0.86%,0,0,0,Analyze
VTR,"Ventas, Inc",REITs,Large cap,Real Estate,"$20,285,687,739 ",3.49%,0,0,0,Analyze
NTRS,Northern Trust Corporation,Common stocks,Large cap,Financials,"$20,203,815,341 ",2.96%,0,0,0,Analyze
DOV,Dover Corp,Common stocks,Large cap,Industrials,"$20,140,791,825 ",1.39%,0,0,0,Analyze
TDY,Teledyne Technologies Inc,Common stocks,Large cap,Information Technology,"$19,996,145,696 ",0.00%,0,0,0,Analyze
WST,West Pharmaceutical Services Inc,Common stocks,Large cap,Health Care,"$19,995,569,459 ",0.27%,0,0,0,Analyze
CTRA,Coterra Energy Inc.,Common stocks,Large cap,Energy,"$19,916,685,286 ",2.31%,0,0,0,Analyze
CHD,Church And Dwight Inc,Common stocks,Large cap,Consumer Staples,"$19,824,057,928 ",1.29%,0,0,0,Analyze
WAT,Waters Corp,Common stocks,Large cap,Health Care,"$19,814,802,566 ",0.00%,0,0,0,Analyze
EPAM,Epam Systems Inc,Common stocks,Large cap,Information Technology,"$19,794,417,165 ",0.00%,0,0,0,Analyze
MKC,McCormick & Co  Non-voting,Common stocks,Large cap,Consumer Staples,"$19,698,086,289 ",2.03%,0,0,0,Analyze
INVH,Invitation Homes Inc,REITs,Large cap,Real Estate,"$19,638,486,277 ",2.71%,0,0,0,Analyze
JBHT,JB Hunt Transport Services Inc,Common stocks,Large cap,Industrials,"$19,539,582,469 ",0.84%,0,0,0,Analyze
PAYC,Paycom Software Inc,Common stocks,Large cap,Information Technology,"$19,294,147,819 ",0.00%,0,0,0,Analyze
INCY,Incyte Corp,Common stocks,Large cap,Health Care,"$19,135,115,003 ",0.00%,0,0,0,Analyze
WRB,WR Berkley Corp,Common stocks,Large cap,Financials,"$18,933,756,950 ",0.54%,0,0,0,Analyze
WAB,Westinghouse Air Brake Technologies,Common stocks,Large cap,Industrials,"$18,919,713,892 ",0.57%,0,0,0,Analyze
CNP,Centerpoint Energy Inc,Common stocks,Large cap,Utilities,"$18,886,068,930 ",2.31%,0,0,0,Analyze
GRMN,Garmin Ltd,Common stocks,Large cap,Consumer Discretionary,"$18,842,481,253 ",0.67%,0,0,0,Analyze
TTWO,Take Two Interactive Software Inc,Common stocks,Large cap,Communication Services,"$18,777,282,008 ",0.00%,0,0,0,Analyze
MAA,"Mid-America Apartment Communities, Inc",REITs,Large cap,Real Estate,"$18,770,789,276 ",3.03%,0,0,0,Analyze
FSLR,First Solar Inc,Common stocks,Large cap,Information Technology,"$18,701,822,162 ",0.00%,0,0,0,Analyze
BBY,Best Buy Inc,Common stocks,Large cap,Consumer Discretionary,"$18,575,150,913 ",4.12%,0,0,0,Analyze
AES,AES Corp,Common stocks,Large cap,Utilities,"$18,448,772,868 ",2.27%,0,0,0,Analyze
LYV,Live Nation Entertainment Inc,Common stocks,Large cap,Communication Services,"$18,341,097,588 ",0.00%,0,0,0,Analyze
XYL,Xylem Inc,Common stocks,Large cap,Industrials,"$18,261,847,838 ",1.18%,0,0,0,Analyze
MRO,Marathon Oil Corp,Common stocks,Large cap,Energy,"$18,209,406,626 ",1.11%,0,0,0,Analyze
DRI,Darden Restaurants Inc,Common stocks,Large cap,Consumer Discretionary,"$18,170,600,693 ",3.13%,0,0,0,Analyze
CMS,CMS Energy Corp,Common stocks,Large cap,Utilities,"$18,123,310,029 ",2.91%,0,0,0,Analyze
SWKS,Skyworks Solutions Inc,Common stocks,Large cap,Information Technology,"$17,941,242,389 ",2.09%,0,0,0,Analyze
BALL,Ball Corporation,Common stocks,Large cap,Materials,"$17,902,866,155 ",1.40%,0,0,0,Analyze
FOX,Fox Corporation Class B,Common stocks,Large cap,Communication Services,"$17,891,783,568 ",1.54%,0,0,0,Analyze
FOXA,Fox Corporation Class A,Common stocks,Large cap,Communication Services,"$17,891,783,568 ",1.44%,0,0,0,Analyze
ROL,Rollins Inc,Common stocks,Large cap,Industrials,"$17,797,953,837 ",1.18%,0,0,0,Analyze
BR,Broadridge Financial Solutions Inc,Common stocks,Large cap,Information Technology,"$17,758,894,454 ",1.80%,0,0,0,Analyze
IEX,IDEX Corp,Common stocks,Large cap,Industrials,"$17,659,852,672 ",1.02%,0,0,0,Analyze
AMCR,Amcor plc,Common stocks,Large cap,Materials,"$17,615,101,347 ",4.02%,0,0,0,Analyze
EXPE,Expedia Inc,Common stocks,Large cap,Consumer Discretionary,"$17,575,735,404 ",0.00%,0,0,0,Analyze
OMC,Omnicom Group Inc,Common stocks,Large cap,Communication Services,"$17,542,904,492 ",3.21%,0,0,0,Analyze
CLX,Clorox,Common stocks,Large cap,Consumer Staples,"$17,505,834,998 ",3.27%,0,0,0,Analyze
KEY,Keycorp,Common stocks,Large cap,Financials,"$17,474,520,477 ",4.15%,0,0,0,Analyze
SIVB,SVB Financial Group,Common stocks,Large cap,Financials,"$17,472,361,137 ",0.00%,0,0,0,Analyze
MOH,Molina Healthcare Inc,Common stocks,Large cap,Health Care,"$17,423,640,000 ",0.00%,0,0,0,Analyze
CAG,Conagra Brands Inc,Common stocks,Large cap,Consumer Staples,"$17,401,487,512 ",3.44%,0,0,0,Analyze
COO,"Cooper Companies, Inc.",Common stocks,Large cap,Health Care,"$17,230,108,998 ",0.02%,0,0,0,Analyze
EXPD,Expeditors International Of Washington,Common stocks,Large cap,Industrials,"$17,220,148,113 ",1.23%,0,0,0,Analyze
TRGP,Targa Resources Corp,Common stocks,Large cap,Energy,"$17,215,848,181 ",1.83%,0,0,0,Analyze
PKI,Perkinelmer Inc,Common stocks,Large cap,Health Care,"$17,035,183,482 ",0.21%,0,0,0,Analyze
SEDG,SolarEdge Technologies Inc,Common stocks,Large cap,Information Technology,"$16,957,387,178 ",0.00%,0,0,0,Analyze
ETSY,Etsy Inc,Common stocks,Large cap,Consumer Discretionary,"$16,910,106,035 ",0.00%,0,0,0,Analyze
HWM,Howmet Aerospace Inc.,Common stocks,Large cap,Industrials,"$16,887,725,350 ",0.24%,0,0,0,Analyze
MOS,Mosaic,Common stocks,Large cap,Materials,"$16,744,857,252 ",1.14%,0,0,0,Analyze
DGX,Quest Diagnostics Inc,Common stocks,Large cap,Health Care,"$16,738,040,878 ",1.79%,0,0,0,Analyze
CF,CF Industries Holdings Inc,Common stocks,Large cap,Materials,"$16,695,723,301 ",1.75%,0,0,0,Analyze
CINF,Cincinnati Financial Corp,Common stocks,Large cap,Financials,"$16,628,527,943 ",2.58%,0,0,0,Analyze
BRO,Brown & Brown Inc,Common stocks,Large cap,Financials,"$16,528,857,338 ",0.72%,0,0,0,Analyze
FMC,FMC Corp,Common stocks,Large cap,Materials,"$16,488,939,321 ",1.65%,0,0,0,Analyze
SYF,Synchrony Financial,Common stocks,Large cap,Financials,"$16,467,289,193 ",2.44%,0,0,0,Analyze
NVR,"NVR, Inc.",Common stocks,Large cap,Consumer Discretionary,"$16,338,077,439 ",0.00%,0,0,0,Analyze
RCL,Royal Caribbean Cruises Ltd,Common stocks,Large cap,Consumer Discretionary,"$16,313,786,219 ",0.00%,0,0,0,Analyze
ATO,Atmos Energy Corp,Common stocks,Large cap,Utilities,"$16,284,524,678 ",2.40%,0,0,0,Analyze
UAL,United Continental Holdings Inc,Common stocks,Large cap,Industrials,"$16,157,525,316 ",0.00%,0,0,0,Analyze
TER,Teradyne Inc,Common stocks,Large cap,Information Technology,"$16,147,239,656 ",0.42%,0,0,0,Analyze
FDS,Factset Research Systems Inc,Common stocks,Large cap,Financials,"$16,084,511,156 ",0.83%,0,0,0,Analyze
ZBRA,Zebra Technologies Corp,Common stocks,Large cap,Information Technology,"$16,070,807,223 ",0.00%,0,0,0,Analyze
PTC,PTC Inc,Common stocks,Large cap,Information Technology,"$16,041,785,144 ",0.00%,0,0,0,Analyze
SJM,J.M. Smucker,Common stocks,Large cap,Consumer Staples,"$15,992,126,338 ",2.63%,0,0,0,Analyze
CPRT,Copart Inc,Common stocks,Large cap,Industrials,"$15,891,118,232 ",0.00%,0,0,0,Analyze
MGM,MGM Resorts International,Common stocks,Large cap,Consumer Discretionary,"$15,710,270,309 ",0.02%,0,0,0,Analyze
IRM,Iron Mountain Incorporated,REITs,Large cap,Real Estate,"$15,590,993,804 ",4.53%,0,0,0,Analyze
J,Jacobs Engineering Group Inc.,Common stocks,Large cap,Industrials,"$15,537,733,950 ",0.68%,0,0,0,Analyze
LKQ,LKQ Corp,Common stocks,Large cap,Consumer Discretionary,"$15,386,607,386 ",1.77%,0,0,0,Analyze
AVY,Avery Dennison Corp,Common stocks,Large cap,Materials,"$15,233,510,294 ",1.55%,0,0,0,Analyze
CPB,Campbell Soup,Common stocks,Large cap,Consumer Staples,"$15,174,021,468 ",2.89%,0,0,0,Analyze
BEN,Franklin Resources Inc,Common stocks,Large cap,Financials,"$15,152,816,395 ",3.79%,0,0,0,Analyze
TXT,Textron Inc,Common stocks,Large cap,Industrials,"$15,056,598,561 ",0.11%,0,0,0,Analyze
FLT,Fleetcor Technologies Inc,Common stocks,Large cap,Information Technology,"$14,913,465,120 ",0.00%,0,0,0,Analyze
GEN,Gen Digital Inc.,Common stocks,Large cap,Information Technology,"$14,792,382,898 ",2.19%,0,0,0,Analyze
PARA,Paramount Global - Class B,Common stocks,Large cap,Communication Services,"$14,696,570,574 ",4.21%,0,0,0,Analyze
PEAK,"Healthpeak Properties, Inc.",REITs,Large cap,Real Estate,"$14,669,470,530 ",4.32%,0,0,0,Analyze
APA,Apache Corp,Common stocks,Large cap,Energy,"$14,583,775,293 ",1.64%,0,0,0,Analyze
L,Loews Corp,Common stocks,Large cap,Financials,"$14,518,664,230 ",0.41%,0,0,0,Analyze
MTCH,Match Group Inc,Common stocks,Large cap,Communication Services,"$14,462,470,169 ",0.00%,0,0,0,Analyze
STX,Seagate Technology Plc,Common stocks,Large cap,Information Technology,"$14,406,527,600 ",3.98%,0,0,0,Analyze
POOL,Pool Corp,Common stocks,Large cap,Consumer Discretionary,"$14,230,435,705 ",1.04%,0,0,0,Analyze
LW,Lamb Weston Holdings Inc,Common stocks,Large cap,Consumer Staples,"$14,207,220,763 ",0.99%,0,0,0,Analyze
NTAP,NetApp Inc,Common stocks,Large cap,Information Technology,"$14,182,571,157 ",3.00%,0,0,0,Analyze
VTRS,Viatris Inc.,Common stocks,Large cap,Health Care,"$14,115,648,721 ",4.06%,0,0,0,Analyze
TRMB,Trimble Inc,Common stocks,Large cap,Information Technology,"$14,109,398,572 ",0.00%,0,0,0,Analyze
EVRG,Evergy Inc,Common stocks,Large cap,Utilities,"$14,093,534,039 ",3.74%,0,0,0,Analyze
ESS,"Essex Property Trust, Inc",REITs,Large cap,Real Estate,"$14,089,781,953 ",3.99%,0,0,0,Analyze
RE,Everest Re Group Ltd,Common stocks,Large cap,Financials,"$13,983,875,390 ",1.81%,0,0,0,Analyze
IPG,Interpublic Group Of Companies Inc,Common stocks,Large cap,Communication Services,"$13,979,119,354 ",3.18%,0,0,0,Analyze
KIM,Kimco Realty Corporation,REITs,Large cap,Real Estate,"$13,948,417,024 ",3.48%,0,0,0,Analyze
MKTX,Marketaxess Holdings Inc,Common stocks,Large cap,Financials,"$13,901,160,575 ",0.75%,0,0,0,Analyze
WDC,Western Digital Corp,Common stocks,Large cap,Information Technology,"$13,900,376,909 ",0.00%,0,0,0,Analyze
BIO,Bio Rad Laboratories Inc Class A,Common stocks,Large cap,Health Care,"$13,832,020,641 ",0.00%,0,0,0,Analyze
AKAM,Akamai Technologies Inc,Common stocks,Large cap,Information Technology,"$13,752,410,858 ",0.00%,0,0,0,Analyze
LNT,Alliant Energy Corp,Common stocks,Large cap,Utilities,"$13,668,138,644 ",3.10%,0,0,0,Analyze
NDSN,Nordson Corp,Common stocks,Large cap,Industrials,"$13,447,285,982 ",0.98%,0,0,0,Analyze
LDOS,Leidos Holdings Inc,Common stocks,Large cap,Industrials,"$13,365,504,883 ",1.46%,0,0,0,Analyze
TYL,Tyler Technologies Inc,Common stocks,Large cap,Information Technology,"$13,361,410,470 ",0.00%,0,0,0,Analyze
UDR,"UDR, Inc",REITs,Large cap,Real Estate,"$13,356,979,233 ",4.58%,0,0,0,Analyze
IP,International Paper,Common stocks,Large cap,Materials,"$13,241,594,435 ",4.88%,0,0,0,Analyze
JKHY,"Jack Henry & Associates, Inc.",Common stocks,Large cap,Information Technology,"$13,226,461,697 ",1.08%,0,0,0,Analyze
HST,"Host Hotels & Resorts, Inc",REITs,Large cap,Real Estate,"$13,113,609,137 ",1.78%,0,0,0,Analyze
CBOE,"Cboe Global Markets, Inc.",Common stocks,Large cap,Financials,"$13,083,114,643 ",1.58%,0,0,0,Analyze
CE,Celanese Corporation,Common stocks,Large cap,Materials,"$13,059,076,871 ",2.25%,0,0,0,Analyze
SNA,Snap On Inc,Common stocks,Large cap,Industrials,"$12,909,667,174 ",2.40%,0,0,0,Analyze
PKG,Packaging Corp Of America,Common stocks,Large cap,Materials,"$12,827,129,618 ",3.38%,0,0,0,Analyze
CPT,Camden Property Trust,REITs,Large cap,Real Estate,"$12,767,384,995 ",3.10%,0,0,0,Analyze
DPZ,Dominos Pizza Inc,Common stocks,Large cap,Consumer Discretionary,"$12,532,796,141 ",1.24%,0,0,0,Analyze
SWK,Stanley Black & Decker Inc,Common stocks,Large cap,Industrials,"$12,489,245,574 ",3.72%,0,0,0,Analyze
CRL,Charles River Laboratories International,Common stocks,Large cap,Health Care,"$12,429,146,874 ",0.00%,0,0,0,Analyze
EQT,EQT Corporation,Common stocks,Large cap,Energy,"$12,149,222,766 ",1.65%,0,0,0,Analyze
NWS,News Corp Class B,Common stocks,Large cap,Communication Services,"$11,983,058,083 ",0.95%,0,0,0,Analyze
NWSA,News Corp Class A,Common stocks,Large cap,Communication Services,"$11,983,058,083 ",0.96%,0,0,0,Analyze
PHM,Pultegroup Inc,Common stocks,Large cap,Consumer Discretionary,"$11,930,918,946 ",1.16%,0,0,0,Analyze
CCL,Carnival Corp,Common stocks,Large cap,Consumer Discretionary,"$11,828,073,337 ",0.00%,0,0,0,Analyze
GL,Globe Life Inc.,Common stocks,Large cap,Financials,"$11,800,824,182 ",0.68%,0,0,0,Analyze
WYNN,Wynn Resorts Ltd,Common stocks,Large cap,Consumer Discretionary,"$11,670,166,737 ",0.00%,0,0,0,Analyze
VFC,VF Corp,Common stocks,Large cap,Consumer Discretionary,"$11,618,125,942 ",6.58%,0,0,0,Analyze
HSIC,Henry Schein Inc,Common stocks,Large cap,Health Care,"$11,590,673,138 ",0.00%,0,0,0,Analyze
CHRW,"C.H. Robinson Worldwide, Inc.",Common stocks,Large cap,Industrials,"$11,474,318,941 ",2.30%,0,0,0,Analyze
QRVO,"Qorvo, Inc.",Common stocks,Large cap,Information Technology,"$11,409,357,397 ",0.00%,0,0,0,Analyze
MAS,Masco Corp,Common stocks,Large cap,Industrials,"$11,407,263,041 ",2.20%,0,0,0,Analyze
TFX,Teleflex Inc,Common stocks,Large cap,Health Care,"$11,304,919,899 ",0.56%,0,0,0,Analyze
REG,Regency Centers Corporation,REITs,Large cap,Real Estate,"$11,302,655,656 ",3.76%,0,0,0,Analyze
CZR,Caesars Entertainment Corp,Common stocks,Large cap,Consumer Discretionary,"$11,271,157,496 ",0.00%,0,0,0,Analyze
NI,Nisource Inc,Common stocks,Large cap,Utilities,"$11,184,939,779 ",3.37%,0,0,0,Analyze
CDAY,Ceridian HCM Holding Inc.,Common stocks,Large cap,Information Technology,"$11,081,090,994 ",0.00%,0,0,0,Analyze
EMN,Eastman Chemical,Common stocks,Large cap,Materials,"$11,009,115,897 ",3.30%,0,0,0,Analyze
BXP,"Boston Properties, Inc",REITs,Large cap,Real Estate,"$10,979,100,028 ",5.48%,0,0,0,Analyze
AAL,American Airlines Group Inc,Common stocks,Large cap,Industrials,"$10,794,853,733 ",0.00%,0,0,0,Analyze
UHS,Universal Health Services Inc.,Common stocks,Large cap,Health Care,"$10,619,360,774 ",0.55%,0,0,0,Analyze
TPR,Tapestry,Common stocks,Large cap,Consumer Discretionary,"$10,616,754,922 ",2.47%,0,0,0,Analyze
BWA,BorgWarner Inc,Common stocks,Large cap,Consumer Discretionary,"$10,611,856,108 ",1.49%,0,0,0,Analyze
JNPR,Juniper Networks Inc,Common stocks,Large cap,Information Technology,"$10,489,634,503 ",2.58%,0,0,0,Analyze
KMX,Carmax Inc,Common stocks,Large cap,Consumer Discretionary,"$10,470,637,044 ",0.00%,0,0,0,Analyze
BBWI,"Bath & Body Works, Inc.",Common stocks,Large cap,Consumer Discretionary,"$10,315,204,013 ",1.76%,0,0,0,Analyze
ALLE,Allegion PLC,Common stocks,Mid cap,Industrials,"$9,948,426,092 ",1.44%,0,0,0,Analyze
WRK,Westrock,Common stocks,Mid cap,Materials,"$9,684,411,993 ",2.67%,0,0,0,Analyze
CMA,Comerica Inc,Common stocks,Mid cap,Financials,"$9,432,502,741 ",3.72%,0,0,0,Analyze
CTLT,Catalent Inc,Common stocks,Mid cap,Health Care,"$9,406,696,797 ",0.00%,0,0,0,Analyze
AOS,A O Smith Corp,Common stocks,Mid cap,Industrials,"$8,990,839,764 ",1.92%,0,0,0,Analyze
FRT,Federal Realty Investment Trust,REITs,Mid cap,Real Estate,"$8,953,345,060 ",3.85%,0,0,0,Analyze
FFIV,F5 Networks Inc,Common stocks,Mid cap,Information Technology,"$8,885,986,299 ",0.00%,0,0,0,Analyze
AAP,Advance Auto Parts Inc,Common stocks,Mid cap,Consumer Discretionary,"$8,874,654,441 ",4.01%,0,0,0,Analyze
HAS,Hasbro Inc,Common stocks,Mid cap,Consumer Discretionary,"$8,808,893,189 ",4.30%,0,0,0,Analyze
RHI,Robert Half,Common stocks,Mid cap,Industrials,"$8,767,766,694 ",2.11%,0,0,0,Analyze
HII,Huntington Ingalls Industries Inc,Common stocks,Mid cap,Industrials,"$8,680,615,221 ",2.18%,0,0,0,Analyze
RL,Ralph Lauren Corp Class A,Common stocks,Mid cap,Consumer Discretionary,"$8,418,953,800 ",2.34%,0,0,0,Analyze
IVZ,Invesco Ltd,Common stocks,Mid cap,Financials,"$8,399,871,710 ",3.86%,0,0,0,Analyze
WHR,Whirlpool Corp,Common stocks,Mid cap,Consumer Discretionary,"$8,395,114,351 ",4.47%,0,0,0,Analyze
PNW,Pinnacle West Corp,Common stocks,Mid cap,Utilities,"$8,374,637,826 ",4.53%,0,0,0,Analyze
PNR,Pentair,Common stocks,Mid cap,Industrials,"$8,321,971,729 ",1.67%,0,0,0,Analyze
XRAY,Dentsply Sirona Inc,Common stocks,Mid cap,Health Care,"$7,951,739,782 ",1.34%,0,0,0,Analyze
ZION,Zions Bancorporation,Common stocks,Mid cap,Financials,"$7,810,046,759 ",2.99%,0,0,0,Analyze
NRG,NRG Energy Inc,Common stocks,Mid cap,Utilities,"$7,715,567,025 ",4.13%,0,0,0,Analyze
OGN,Organon & Co.,Common stocks,Mid cap,Health Care,"$7,712,328,881 ",3.60%,0,0,0,Analyze
DISH,Dish Network Corp Class A,Common stocks,Mid cap,Communication Services,"$7,647,476,299 ",0.00%,0,0,0,Analyze
SEE,Sealed Air Corp,Common stocks,Mid cap,Materials,"$7,610,432,232 ",1.51%,0,0,0,Analyze
SBNY,Signature Bank,Common stocks,Mid cap,Financials,"$7,606,964,365 ",1.89%,0,0,0,Analyze
MHK,Mohawk Industries Inc,Common stocks,Mid cap,Consumer Discretionary,"$7,454,447,975 ",0.00%,0,0,0,Analyze
DVA,Davita Inc,Common stocks,Mid cap,Health Care,"$7,172,861,000 ",0.00%,0,0,0,Analyze
GNRC,Generac Holdings Inc,Common stocks,Mid cap,Industrials,"$7,157,372,734 ",0.00%,0,0,0,Analyze
AIZ,Assurant Inc,Common stocks,Mid cap,Financials,"$6,909,294,285 ",2.09%,0,0,0,Analyze
DXC,DXC Technology Company,Common stocks,Mid cap,Information Technology,"$6,570,662,769 ",0.00%,0,0,0,Analyze
NWL,Newell Brands Inc,Common stocks,Mid cap,Consumer Discretionary,"$6,543,152,000 ",5.69%,0,0,0,Analyze
ALK,Alaska Air Group Inc,Common stocks,Mid cap,Industrials,"$6,509,317,487 ",0.00%,0,0,0,Analyze
NCLH,Norwegian Cruise Line Holdings Ltd,Common stocks,Mid cap,Consumer Discretionary,"$6,405,220,720 ",0.00%,0,0,0,Analyze
LNC,Lincoln National Corp,Common stocks,Mid cap,Financials,"$5,601,031,858 ",5.34%,0,0,0,Analyze
LUMN,"CenturyLink, Inc.",Common stocks,Mid cap,Communication Services,"$5,317,755,813 ",14.27%,0,0,0,Analyze
TECH,Bio-Techne Corp,Common stocks,Mid cap,Health Care,"$3,151,948,283 ",0.40%,0,0,0,Analyze
TAP,Molson Coors Brewing Class B,Common stocks,Small cap,Consumer Staples,"$766,957,509 ",2.85%,0,0,0,Analyze
GEHC,GE HealthCare Technologies Inc.,Common stocks,Unknown,Health Care,$0 ,0.00%,0,0,0,Analyze
